Gene name,APC fold,APC pvalue, APC qvalue,peak layer,CV bias (ratio between mean expression in layers 1-3 and layers 7-9)
1110020G09Rik,1.693,0.01,0.05,1,1.259
1110034G24Rik,1.932,0.03,0.116,1,3.206
1300014I06Rik,2.445,0,0.001,1,2.197
1500003O03Rik,2.378,0,0.003,1,1.452
1700052N19Rik,1.765,0.03,0.116,2,1.508
1810058I24Rik,4.438,0,0,1,3.242
2010003K11Rik,3.411,0,0,9,0.713
2510049J12Rik,2.204,0.001,0.01,9,0.731
2700094K13Rik,2.219,0.01,0.05,1,2.285
2810474O19Rik,2.378,0.001,0.013,4,1.272
4930420K17Rik,2.412,0,0.001,1,1.93
4931406C07Rik,2.042,0.001,0.012,1,1.367
4933433P14Rik,1.815,0.05,0.164,1,2.335
5033406O09Rik,2.534,0.041,0.147,1,1.322
6030458C11Rik,1.636,0.06,0.184,1,1.571
8430410K20Rik,2.114,0.007,0.05,1,1.672
9030619P08Rik,4.287,0,0,1,10.93
9030624J02Rik,1.682,0.02,0.086,8,0.766
9530008L14Rik,1.569,0.03,0.116,2,1.337
AI464131,4,0,0,1,1.623
AK199495,1.705,0.04,0.142,5,0.758
Aasdhppt,1.945,0.02,0.086,1,1.172
Abcb4,2,0.004,0.035,1,1.645
Abcc2,2.445,0.001,0.007,1,1.974
Abcd2,4.056,0,0,4,0.73
Abhd12,2.928,0,0,1,1.032
Abhd4,2.158,0.001,0.007,2,1.675
Abhd8,2.219,0.03,0.116,4,1.022
Ablim3,1.67,0.02,0.086,9,1.118
Abtb2,1.717,0.01,0.05,1,0.938
Acadl,1.815,0.007,0.049,2,1.135
Acnat2,2.928,0,0,7,0.686
Acot1,3.706,0,0,2,1.95
Acot2,5.134,0,0,1,2.532
Acot3,6.233,0,0,1,1.501
Acot7,1.705,0.03,0.116,2,1.362
Acot8,1.765,0.02,0.086,1,1.612
Actb,3.01,0,0.001,2,1.126
Actr2,2,0.002,0.016,2,0.973
Actr3,1.741,0.02,0.086,4,1.952
Adcy6,3.605,0,0,1,2.199
Add3,4.891,0,0,3,1.684
Adh1,1.853,0.04,0.142,1,1.228
Ado,1.705,0.06,0.184,2,1.466
Adrbk1,1.659,0.03,0.116,1,1.578
Adss,1.972,0.004,0.033,1,1.109
Aebp2,2.235,0.001,0.013,1,1.395
Aff1,1.659,0.02,0.086,1,1.381
Agl,2.204,0,0.004,1,1.24
Agps,2.621,0.001,0.007,3,1.431
Ahr,2,0.002,0.016,1,5.97
Aifm1,2.056,0.001,0.011,1,1.208
Aifm2,1.945,0.004,0.032,1,1.413
Akr1a4,1.717,0.02,0.086,1,1.381
Akr1c14,1.853,0.007,0.046,6,1.115
Akr1c20,4.563,0,0,1,1.923
Akr1c6,2.908,0,0.001,1,5.254
Alad,2.042,0.001,0.015,1,1.66
Alcam,1.636,0.02,0.086,5,0.506
Aldh1a1,2.173,0.003,0.028,1,2.152
Aldh3a2,3.411,0,0,1,17.308
Amacr,2.514,0,0.001,1,0.947
Ankrd12,3.555,0,0.005,2,2.063
Ankrd27,1.569,0.04,0.142,3,1.487
Ankrd40,1.67,0.02,0.086,1,1.231
Anp32b,1.919,0.008,0.05,1,1.47
Anpep,2.412,0,0.002,1,1.116
Anxa4,1.636,0.03,0.116,7,0.771
Anxa5,2.949,0,0,1,1.076
Anxa7,3.031,0,0,1,1.133
Aox1,2.949,0,0,2,1.681
Ap3m1,1.613,0.02,0.086,1,1.821
Ap3s2,1.84,0.01,0.05,7,0.886
Aptx,2.25,0.01,0.05,1,2.214
Aqp9,2.313,0.001,0.008,1,2.163
Arglu1,1.693,0.05,0.164,4,1.34
Arhgap17,2.395,0.001,0.011,2,1.396
Arhgdia,2.621,0,0,1,1.276
Arhgef19,4.5,0,0,1,1.304
Arhgef7,2.462,0,0.002,1,1.398
Arid1b,2.099,0.001,0.01,1,1.882
Arl13b,2.694,0.004,0.035,1,2.594
Arl2bp,2.928,0.004,0.03,9,0.406
Arpc3,1.647,0.02,0.086,1,1.226
Arpp19,4.5,0,0,1,1.47
Arrb2,2.567,0.001,0.01,8,0.364
Asna1,1.591,0.04,0.142,1,1.631
Aspscr1,2.657,0,0,1,1.705
Asxl1,1.58,0.05,0.164,3,1.263
Ate1,1.729,0.02,0.086,9,0.71
Atf7ip,1.693,0.03,0.116,4,0.948
Atp1b3,2.713,0,0.001,9,0.93
Atp2b1,1.986,0.002,0.022,1,1.158
Atp6v0e,1.569,0.05,0.164,1,1.35
Atp6v1c1,1.625,0.03,0.116,1,1.171
Atp6v1d,1.892,0.009,0.05,2,1.147
Atp6v1e1,1.58,0.03,0.116,5,1.144
Atpif1,2.329,0.01,0.05,3,1.256
Atrn,1.591,0.03,0.116,1,1.867
Avpr1a,2.888,0,0,1,24.904
Axin2,39.397,0,0,1,39.369
B230120H23Rik,1.659,0.05,0.164,9,0.437
B230219D22Rik,1.765,0.01,0.05,4,1.154
B4galt5,1.972,0.003,0.025,9,0.481
Bcas2,2.144,0.002,0.021,2,1.341
Bccip,1.79,0.009,0.05,4,0.659
Bcl2l1,3.732,0,0,1,1.815
Bcl3,1.879,0.008,0.05,1,1.587
Bcl9l,2.497,0,0.001,1,1.658
Bcmo1,3.864,0,0,5,0.508
Bco2,1.729,0.03,0.116,2,1.392
Bcorl1,1.945,0.01,0.05,5,0.847
Beta-s,3.029,0.001,0.009,4,3.132
Bhlhe40,1.537,0.05,0.164,9,0.65
Blmh,1.495,0.06,0.184,1,1.795
Blvrb,4.257,0,0,1,4.028
Brd2,1.516,0.05,0.164,1,1.273
Brd4,1.505,0.06,0.184,1,1.242
Brd7,1.84,0.01,0.05,1,1.122
Brd8,1.647,0.05,0.164,4,2.161
Bre,1.602,0.05,0.164,4,1.073
C1qa,3.482,0,0,6,2.698
C1qb,3.758,0,0,1,2.111
C1qc,4.084,0,0,6,3.132
C230081A13Rik,2.173,0.002,0.02,1,1.468
C2cd2,1.693,0.01,0.05,1,1.54
C2cd3,1.602,0.05,0.164,1,2.115
C4bp,1.647,0.05,0.164,1,1.239
C6,1.905,0.006,0.042,1,1.58
C77080,1.717,0.01,0.05,1,1.093
C80913,1.647,0.04,0.142,1,1.218
Calm3,2.549,0,0.001,2,0.946
Camk1d,1.815,0.005,0.039,4,1.101
Capza2,1.945,0.003,0.028,9,0.547
Cast,2,0.003,0.028,4,1.114
Cbr1,1.79,0.01,0.05,2,1.07
Cbx2,3.482,0,0.001,3,1.024
Cc2d1b,1.741,0.04,0.142,2,1.513
Ccar1,1.647,0.02,0.086,3,1.426
Ccdc123,1.959,0.03,0.116,2,1.052
Ccdc21,1.548,0.04,0.142,1,1.622
Ccdc91,1.569,0.05,0.164,1,2.099
Ccnh,2.042,0.03,0.116,1,0.883
Cct2,1.495,0.06,0.184,2,1.062
Cct8,1.548,0.04,0.142,1,1.512
Ccz1,1.613,0.04,0.142,7,0.825
Cd164,1.959,0.003,0.027,1,1.06
Cd2bp2,1.602,0.05,0.164,3,1.162
Cd320,2.297,0.02,0.086,3,1.565
Cd74,9.58,0,0,2,2.707
Cd82,1.682,0.01,0.05,2,1.211
Cda,2.282,0.03,0.116,4,1.272
Cdc34,1.741,0.01,0.05,1,1.556
Cdc42ep4,1.548,0.05,0.164,1,1.381
Cdh2,2.346,0,0.002,1,1.435
Cds2,1.625,0.03,0.116,1,1.035
Cebpg,1.613,0.03,0.116,1,1.3
Cela1,3.811,0,0,1,1.994
Cenpb,1.659,0.02,0.086,1,1.271
Ces1b,3.411,0,0,3,1.08
Ces1c,1.778,0.06,0.184,3,1.349
Ces1g,2.77,0,0,2,1.523
Cetn3,2.694,0.003,0.023,1,1.584
Cfl1,2.085,0.001,0.011,9,0.789
Cfl2,1.682,0.03,0.116,9,0.606
Cggbp1,1.765,0.01,0.05,1,1.531
Cgrrf1,1.602,0.05,0.164,1,1.567
Chac2,1.866,0.06,0.184,2,0.869
Chd1,1.753,0.01,0.05,2,1.338
Chmp4b,1.613,0.03,0.116,1,1.125
Chrna2,8.398,0,0,7,0.804
Cib1,1.659,0.02,0.086,2,1.332
Cib2,7.26,0,0,1,17.391
Cib3,6.19,0,0.004,9,0.05
Cideb,1.659,0.03,0.116,8,0.882
Cldn2,2.412,0,0.001,1,16.637
Clec4f,2.751,0,0,6,0.467
Clic1,3.053,0,0.003,4,0.7
Cln3,1.866,0.02,0.086,4,1.169
Clptm1l,1.537,0.05,0.164,2,1.15
Cmas,1.778,0.01,0.05,1,1.293
Cmbl,1.717,0.01,0.05,2,1.022
Cml2,1.828,0.02,0.086,1,1.878
Cobll1,1.537,0.05,0.164,1,1.282
Col4a1,2.928,0,0,3,2.617
Colec12,1.932,0.003,0.029,1,2.749
Cops5,1.516,0.06,0.184,1,1.52
Coq10a,1.803,0.01,0.05,1,1.895
Cox5b,1.729,0.03,0.116,8,0.948
Cpox,2.713,0,0,1,1.969
Crat,2.445,0,0.001,8,0.68
Creg1,1.67,0.03,0.116,1,1.51
Crk,1.753,0.01,0.05,1,1.074
Crtc3,1.879,0.01,0.05,3,1.501
Cs,3.531,0,0,2,1.579
Csf1r,3.317,0,0,1,5.639
Csnk1a1,2.114,0.001,0.007,5,1.093
Csrnp1,1.717,0.04,0.142,9,0.823
Csrp2,15.562,0,0,1,1.613
Cstb,2.445,0,0.004,1,1.48
Ctcf,1.602,0.04,0.142,5,0.932
Ctr9,2.071,0.001,0.015,1,1.515
Cwc15,1.625,0.03,0.116,1,1.286
Cxadr,2.532,0,0,7,0.925
Cxxc5,1.647,0.04,0.142,1,1.217
Cyb5,2.235,0.002,0.018,1,1.902
Cyb5b,2.657,0,0.002,1,1.502
Cyp1a2,3.864,0,0,1,16.234
Cyp2a22,6.233,0,0,1,1.375
Cyp2a4,2.085,0.002,0.018,9,0.294
Cyp2a5,5.242,0,0,1,50.176
Cyp2c38,2.639,0,0,1,18.968
Cyp2d40,1.919,0.003,0.028,1,1.478
Cyp2e1,2.056,0.05,0.164,1,44.379
Cyp39a1,1.591,0.03,0.116,7,0.521
Cyp7a1,3.811,0,0,1,22.459
Cyr61,5.242,0,0,1,4.71
D16Ertd472e,1.959,0.04,0.142,1,2.87
D630039A03Rik,5.897,0,0,1,1.733
D6Wsu116e,3.117,0,0,1,1.921
D730040F13Rik,1.659,0.02,0.086,1,1.482
DQ553245,1.622,0.026,0.111,6,1.173
Dap,2.77,0,0,3,1.077
Dbnl,1.905,0.006,0.045,2,1.465
Dcaf6,1.537,0.05,0.164,1,2.407
Dclre1a,4.891,0,0,1,1.596
Dcun1d1,2.346,0.002,0.019,4,1.287
Dennd5b,2.173,0,0.006,1,1.692
Denr,2.567,0,0.003,2,1.545
Dhcr24,1.84,0.05,0.164,6,0.982
Dhrs1,2.313,0,0.002,2,1.182
Dhrs7,1.602,0.04,0.142,1,1.432
Diap2,3.918,0,0,2,1.399
Dido1,1.717,0.01,0.05,3,1.261
Dixdc1,2.014,0.01,0.05,2,1.69
Dlat,2.809,0,0,1,1.452
Dlgap4,1.647,0.06,0.184,3,1.799
Dnajc2,1.905,0.04,0.142,2,1.361
Dscr3,1.879,0.01,0.05,3,1.333
Dstn,2.362,0,0.002,1,1.382
Dtx3l,1.932,0.003,0.025,5,0.918
Dtx4,2.313,0.001,0.012,1,1.565
Dtymk,1.659,0.06,0.184,3,2.001
Dusp11,1.558,0.04,0.142,8,0.735
Dusp3,1.682,0.02,0.086,2,1.299
Dym,1.765,0.01,0.05,1,1.629
Efha1,1.778,0.01,0.05,7,0.483
Efhd2,4.595,0,0,1,1.756
Egln3,8.456,0,0,1,3.995
Ehd1,1.79,0.009,0.05,1,1.12
Eif2b4,2.378,0,0.002,1,1.313
Eif2s1,1.866,0.03,0.116,9,0.996
Eif4a1,1.717,0.02,0.086,1,1.218
Eif4enif1,1.591,0.05,0.164,3,1.272
Eif4g2,1.705,0.02,0.086,1,1.302
Elp2,1.729,0.01,0.05,2,1.253
Emd,2.114,0.006,0.041,2,1.034
Enc1,6.916,0,0,1,3.725
Enpp1,1.986,0.003,0.024,2,1.836
Ensa,1.866,0.007,0.05,1,1.107
Entpd5,2.479,0,0.002,1,2.078
Epb4.1l4b,2.056,0.001,0.012,1,1.255
Epb4.1l5,2.378,0,0.002,7,0.618
Ephb4,3.482,0,0,5,0.683
Ephx1,1.647,0.03,0.116,2,1.099
Esyt1,1.67,0.03,0.116,1,1.041
Ets2,4.056,0,0,1,1.256
Ewsr1,1.58,0.04,0.142,1,1.334
Exoc2,1.945,0.01,0.05,9,0.397
Exoc6b,2.071,0.02,0.086,9,0.9
Exph5,1.879,0.01,0.05,1,2.458
Ezh1,1.625,0.05,0.164,1,1.381
F11r,1.659,0.02,0.086,9,0.548
F5,1.67,0.04,0.142,1,1.503
Fabp5,2.042,0.002,0.019,4,1.856
Fam102a,10.411,0,0,1,2.081
Fam103a1,2.297,0.05,0.164,9,0.898
Fam107b,2.99,0,0,1,3.033
Fam13b,1.905,0.01,0.05,1,1.937
Fam178a,1.659,0.06,0.184,1,1.676
Fam20c,2.189,0,0.006,1,1.005
Fam25c,2.479,0,0.002,1,1.739
Fam40a,2.071,0.003,0.027,1,2.006
Fam76a,2.462,0.001,0.011,1,1.634
Fam82a1,4.377,0,0,1,2.294
Fam89a,8.634,0,0,2,2.748
Fbxo4,1.79,0.06,0.184,1,2.038
Fbxo42,1.741,0.02,0.086,8,0.946
Fbxo45,2.479,0.002,0.021,3,1.501
Fbxw7,1.853,0.04,0.142,1,1.7
Fcna,2.809,0,0.002,1,3.722
Fermt2,1.558,0.03,0.116,1,1.549
Fgfrl1,7.111,0,0,1,1.356
Fig4,1.717,0.03,0.116,1,1.017
Fign,2.412,0.02,0.086,3,1.305
Flot1,2.028,0.002,0.02,1,1.665
Fmo1,3.095,0,0,1,1.818
Fmo2,2.585,0,0.005,2,7.048
Fmo5,3.16,0,0.001,9,0.897
Fnip1,1.548,0.06,0.184,1,1.981
Fos,2.694,0,0.001,9,0.372
Foxa1,1.729,0.02,0.086,1,1.081
Frrs1,2.346,0,0.006,1,1.368
Fst,7.013,0,0,6,0.19
Fth1,1.778,0.04,0.142,2,1.048
Fyco1,2.173,0,0.005,1,1.842
Gab1,1.636,0.06,0.184,1,1.554
Gabarap,1.526,0.05,0.164,1,1.116
Gabpb2,1.647,0.02,0.086,1,1.366
Gapvd1,1.537,0.04,0.142,3,1.331
Gars,2.77,0,0,1,1.133
Gata4,2.144,0.02,0.086,6,1.09
Gatad2a,1.548,0.05,0.164,2,1.313
Gatc,1.905,0.01,0.05,2,1.422
Gcc1,1.602,0.06,0.184,4,0.739
Gck,1.625,0.02,0.086,2,1.551
Gclm,1.705,0.01,0.05,1,1.482
Gda,2.189,0.001,0.008,1,2.118
Git2,1.647,0.05,0.164,5,1.034
Glg1,1.84,0.006,0.041,1,1.885
Glul,39.124,0,0,1,2.015E+12
Gm98,2.014,0.001,0.015,7,0.801
Gnai2,2.751,0,0,1,1.68
Gng12,2.888,0,0,4,0.949
Gnl3l,1.741,0.02,0.086,2,1.408
Gpc4,1.548,0.04,0.142,4,1.013
Gpcpd1,2.099,0.002,0.021,1,1.715
Gpr172b,2.378,0.002,0.016,1,2.081
Gpr89,2.346,0,0.002,1,1.449
Grina,1.705,0.02,0.086,1,1.523
Grn,1.636,0.04,0.142,1,1.149
Grpel2,2.056,0.002,0.016,1,1.567
Gsk3b,1.659,0.02,0.086,1,1.372
Gsr,2.235,0,0.004,3,1.31
Gsta2,2.809,0.007,0.048,8,0.478
Gsta3,2.694,0,0.005,1,1.656
Gstm1,3.706,0,0,1,1.881
Gstm2,15.242,0,0,1,15.661
Gstm3,21.857,0,0,1,2.971
Gstm6,3.758,0,0,1,3.39
Gstt2,1.682,0.02,0.086,1,1.223
Gtf2h5,1.659,0.04,0.142,1,1.198
Gtf2ird1,2.266,0.002,0.02,1,1.426
Gulo,7.26,0,0,1,14.04
Gyk,1.892,0.004,0.03,5,0.705
H2-Aa,5.897,0,0,4,0.827
H2-Ab1,5.736,0,0,1,2.667
H47,1.58,0.04,0.142,1,1.376
Hamp,1.591,0.04,0.142,3,1.207
Hdac2,2.282,0.003,0.025,2,0.994
Hdac3,1.659,0.02,0.086,3,1.384
Hdac5,1.591,0.04,0.142,1,2.043
Hexa,1.526,0.06,0.184,1,1.87
Hipk2,1.905,0.003,0.026,3,1.217
Hist1h1c,2.514,0,0.001,1,1.676
Hist2h3c1,3.095,0.05,0.164,1,1.451
Hlf,2.329,0,0.003,1,1.542
Hmg20b,1.613,0.06,0.184,1,1.356
Hmgn1,2.25,0.001,0.013,1,1.128
Hmgn5,1.905,0.005,0.04,2,1.292
Hmox1,5.54,0,0,1,6.165
Hnrnpab,1.636,0.02,0.086,3,1.299
Hnrnpd,2.378,0.001,0.007,1,1.077
Hnrnpr,2.25,0.008,0.05,1,1.961
Hpgd,2.362,0,0.002,2,1.948
Hsbp1,1.58,0.04,0.142,1,1.214
Hsd17b11,2.428,0,0.002,1,1.918
Hsd17b4,1.613,0.04,0.142,1,1.191
Hsp90aa1,1.892,0.004,0.034,1,1.347
Hspb6,4.563,0,0,2,1.303
Htatip2,1.84,0.01,0.05,1,1.906
Id1,6.498,0,0,1,1.857
Id2,1.815,0.008,0.05,9,0.785
Id3,7.16,0,0,1,1.919
Idh2,2.479,0,0.001,1,1.453
Idh3a,4.469,0,0,9,0.709
Ifi27l2b,5.938,0,0,9,0.767
Ifi30,3.506,0,0,6,0.697
Ift20,1.682,0.02,0.086,1,1.383
Igf2r,2.173,0,0.006,5,1.187
Il1r1,4,0,0,2,1.506
Ildr2,3.811,0,0,1,1.347
Impa1,1.682,0.01,0.05,5,0.926
Impad1,1.815,0.009,0.05,1,1.023
Inf2,3.784,0,0,1,0.906
Inhbc,1.765,0.01,0.05,3,0.997
Inhbe,4.257,0,0,1,1.794
Ipo13,1.693,0.03,0.116,1,1.509
Ipo5,1.58,0.04,0.142,1,1.499
Iqgap2,2.25,0.001,0.012,1,1.543
Itgb1,1.625,0.02,0.086,1,1.245
Itm2b,1.866,0.02,0.086,1,1.123
Jun,2.329,0,0.002,1,1.478
Jund,1.591,0.04,0.142,1,1.282
Kank1,1.516,0.06,0.184,1,1.975
Kctd17,2.694,0.005,0.041,1,0.672
Kdm2a,1.647,0.02,0.086,1,1.578
Kdsr,2.479,0,0.002,1,1.448
Kif5b,2.378,0,0.002,4,1.23
Klhdc10,1.495,0.06,0.184,9,1.041
Krt18,4.112,0,0,1,1.325
Krt8,4.377,0,0,1,1.06
L2hgdh,1.972,0.003,0.028,4,0.846
Lars,1.613,0.03,0.116,1,1.096
Lcn2,5.389,0,0,1,0.8
Ldha,1.866,0.01,0.05,7,0.789
Ldhd,3.918,0,0,1,1.783
Lect2,11.794,0,0,1,18.244
Leprot,2.362,0.002,0.018,4,1.414
Leprotl1,2.969,0,0,1,2.264
Lgals1,1.866,0.06,0.184,1,4.164
Lhpp,12.553,0,0,1,24.55
Lin37,2.362,0.02,0.086,2,1.657
Lipa,3.117,0,0,1,1.084
Lphn2,2.412,0,0.001,3,1.358
Lrp5,2.042,0.001,0.014,1,1.682
Lrrc45,3.031,0,0.001,9,0.43
Lsm12,1.741,0.03,0.116,4,1.228
Ltbr,1.659,0.02,0.086,1,1.295
Luc7l3,1.866,0.01,0.05,6,1.049
Lztr1,1.613,0.03,0.116,6,1.032
Magi3,2.412,0,0.002,1,2.033
Map1lc3a,1.58,0.05,0.164,1,1.305
Map2k4,1.558,0.04,0.142,1,1.336
Map3k5,1.879,0.005,0.037,1,1.796
Map4k4,7.311,0,0,5,1.056
Mapkap1,1.505,0.06,0.184,1,1.335
Mapkapk2,1.945,0.002,0.021,2,1.413
Mapre1,2.099,0.003,0.027,2,1.243
March5,1.647,0.02,0.086,1,1.149
Mark2,1.647,0.04,0.142,3,1.315
Mark3,1.516,0.06,0.184,2,1.552
Mast2,1.778,0.01,0.05,1,2.28
Mat2a,1.932,0.003,0.027,2,1.251
Max,2.085,0.004,0.032,1,1.941
Mbnl2,2,0.002,0.019,1,2.068
Mcl1,2.282,0,0.003,1,1.486
Mdm2,1.84,0.008,0.05,1,1.54
Metap1,1.84,0.008,0.05,1,1.439
Metap1d,1.58,0.04,0.142,1,1.331
Metap2,1.741,0.01,0.05,2,1.304
Mettl6,1.803,0.06,0.184,6,1.024
Mgat4b,1.932,0.004,0.032,1,1.292
Mgst3,1.803,0.03,0.116,2,1.29
Midn,2.085,0.001,0.011,1,1.574
Mier3,1.972,0.01,0.05,4,1.438
Mkln1,1.682,0.01,0.05,8,0.83
Mobkl2b,1.778,0.01,0.05,4,1.717
Mocos,2.071,0.001,0.009,1,1.225
Mocs2,2.028,0.001,0.014,6,0.957
Mrpl45,1.729,0.04,0.142,1,1.254
Mrps18a,2.888,0,0,3,1.126
Mtap7d1,1.753,0.01,0.05,1,1.377
Mtch2,2.028,0.001,0.014,6,0.794
Mtdh,1.537,0.06,0.184,1,1.519
Mtmr6,1.959,0.005,0.037,2,2.038
Mvp,2.099,0.001,0.012,1,1.462
Myl6,2.129,0.004,0.031,1,1.212
Myo9b,2.099,0.001,0.011,2,2.093
N4bp2l2,1.705,0.02,0.086,1,1.453
Naa50,1.866,0.006,0.042,4,1.235
Nags,1.803,0.007,0.05,1,1.584
Nat10,1.705,0.02,0.086,1,1.339
Nckap1,1.778,0.009,0.05,9,0.92
Ncl,1.803,0.008,0.05,1,1.36
Ndel1,1.58,0.04,0.142,2,1.428
Ndufa7,1.647,0.02,0.086,2,1.05
Nedd8,1.569,0.04,0.142,1,1.221
Nek6,1.828,0.006,0.044,9,0.956
Net1,8.815,0,0,1,1.283
Nfe2l2,2.77,0,0,2,1.394
Nfic,1.659,0.02,0.086,1,1.525
Nfyb,1.945,0.008,0.05,2,1.684
Nln,1.815,0.01,0.05,2,1.475
Nono,1.516,0.06,0.184,2,1.506
Notum,8.282,0,0,1,6.253
Npc1,2.071,0.002,0.018,3,1.373
Npr2,3.387,0,0,1,64.686
Nrn1,2.928,0,0,1,2.108
Nsmaf,1.84,0.01,0.05,5,1.389
Nt5c2,2.789,0,0,2,1.238
Nt5e,1.625,0.04,0.142,1,31.259
Nub1,1.636,0.03,0.116,3,1.245
Nucks1,1.803,0.007,0.05,1,1.555
Nudt3,1.803,0.01,0.05,2,1.187
Nvl,2,0.01,0.05,5,1.019
Oasl1,1.892,0.01,0.05,6,0.458
Oat,11.794,0,0,1,58.129
Odc1,1.828,0.01,0.05,9,0.611
Onecut2,1.717,0.01,0.05,3,1.343
Opa3,1.613,0.03,0.116,1,1.718
Optn,1.505,0.05,0.164,1,1.243
Orm2,8.515,0,0,9,0.937
Osbpl8,3.053,0,0,1,2.258
Osgin1,1.548,0.05,0.164,1,2.546
Pafah1b1,1.741,0.01,0.05,2,1.126
Pah,1.753,0.03,0.116,1,1.049
Palmd,4.563,0,0,2,1.228
Papss2,2.219,0.001,0.011,2,1.192
Parp14,1.919,0.003,0.027,9,0.542
Parp16,2.056,0.005,0.039,3,1.5
Parp9,1.58,0.03,0.116,2,1.275
Pawr,1.866,0.05,0.164,1,2.334
Pbrm1,1.945,0.003,0.025,1,1.331
Pcp4l1,4.377,0,0,1,10.069
Pde4dip,1.905,0.004,0.033,1,1.048
Pdilt,5.389,0,0,1,2.226
Pdk4,11.713,0,0,1,2.362
Pdlim5,1.58,0.04,0.142,1,0.846
Pds5b,1.741,0.02,0.086,5,1.11
Pdxk,2.158,0.001,0.008,1,1.357
Pdzk1,3.138,0,0,1,1.64
Peci,1.659,0.02,0.086,1,1.409
Peo1,1.591,0.03,0.116,1,1.525
Pfdn5,1.717,0.03,0.116,1,1.175
Phactr4,1.548,0.05,0.164,3,1.292
Phc3,1.647,0.02,0.086,3,1.843
Phf14,1.905,0.01,0.05,2,1.112
Phldb2,3.784,0,0,1,2.479
Pik3r1,2.313,0,0.002,2,1.132
Pir,2.514,0,0.004,5,1.34
Pkdcc,5.897,0,0,1,1.655
Pla2g12a,1.803,0.03,0.116,1,2.473
Pla2g6,2.694,0,0,2,1.694
Plbd1,1.79,0.01,0.05,1,10.101
Plcb1,2.412,0,0.004,1,2.217
Plekhg3,1.647,0.02,0.086,1,1.553
Pltp,1.815,0.01,0.05,1,4.081
Pnn,1.67,0.03,0.116,5,1.105
Pnp,1.729,0.01,0.05,1,1.479
Pnpla2,1.591,0.04,0.142,1,1.585
Polr2i,2.235,0.001,0.008,5,0.745
Pom121,1.558,0.05,0.164,4,2.553
Pomp,1.495,0.06,0.184,2,1.169
Pon1,3.272,0,0,1,2.141
Pon3,1.558,0.04,0.142,2,1.203
Pop4,1.84,0.04,0.142,2,1.36
Ppap2b,2.114,0.001,0.009,1,1.839
Ppara,1.505,0.05,0.164,1,1.47
Ppfibp2,1.613,0.04,0.142,1,1.29
Ppig,1.866,0.01,0.05,1,1.242
Ppme1,1.693,0.02,0.086,1,1.196
Ppp1r8,1.959,0.02,0.086,1,1.66
Pppde1,1.879,0.01,0.05,9,0.535
Prdx6,1.972,0.006,0.046,2,1.099
Prep,1.505,0.06,0.184,9,0.734
Prkaca,1.548,0.04,0.142,9,1.026
Prkag2,1.569,0.06,0.184,7,0.76
Prodh,4.056,0,0,1,2.816
Pros1,2.329,0,0.002,1,1.718
Prpf19,1.58,0.03,0.116,1,1.319
Prpf31,1.959,0.01,0.05,1,1.641
Prr5,2.676,0.008,0.05,1,3.723
Prune,2.329,0.001,0.01,5,0.589
Psip1,2.751,0,0.003,1,1.753
Psma2,1.741,0.02,0.086,2,1.087
Psma7,1.548,0.04,0.142,1,1.205
Psmb1,1.495,0.06,0.184,2,1.164
Psmb7,1.474,0.06,0.184,1,1.465
Psmb8,1.959,0.004,0.03,5,1.034
Psmc1,1.682,0.02,0.086,2,1.282
Psmc6,1.815,0.009,0.05,2,2.073
Psmd1,1.79,0.008,0.05,1,1.337
Psmd11,1.717,0.01,0.05,4,1.034
Psmd14,1.602,0.06,0.184,9,0.732
Psmd5,1.815,0.01,0.05,2,1.438
Psmd8,1.972,0.002,0.019,2,1.234
Psme1,1.717,0.01,0.05,4,1.208
Ptdss1,2.282,0,0.003,1,1.636
Ptma,1.647,0.05,0.164,9,0.82
Ptp4a2,2.282,0,0.003,1,1.289
Ptpn11,1.537,0.05,0.164,1,1.486
Ptpn9,2.732,0,0,1,1.636
Ptprd,1.879,0.005,0.035,1,1.32
Pvrl1,2.313,0,0.002,1,1.382
Pwwp2a,2.362,0.007,0.048,2,3.001
Qk,1.945,0.003,0.027,1,1.409
Rab11fip2,3.506,0,0.002,1,2.759
Rab18,1.741,0.01,0.05,9,0.862
Rabep1,2.056,0.001,0.014,4,1.26
Rac1,1.548,0.04,0.142,1,1.189
Rad51l1,3.458,0.02,0.086,1,1.774
Rala,2.173,0.004,0.03,1,1.496
Ralbp1,1.729,0.01,0.05,1,1.672
Ralgps2,2.412,0,0.005,7,0.876
Rap1gds1,1.765,0.01,0.05,4,1.019
Rap2a,2.346,0,0.004,1,1.979
Rara,2.514,0,0.004,2,1.141
Rars,1.569,0.05,0.164,4,1.019
Rasal2,2.809,0,0.001,1,1.867
Rbm26,1.67,0.04,0.142,4,1.234
Rbm38,2.173,0.05,0.164,3,2.895
Rbms1,2.751,0,0,1,2.528
Rcc1,1.919,0.04,0.142,3,2.714
Rcc2,1.705,0.02,0.086,2,1.205
Rest,1.647,0.04,0.142,1,1.76
Rexo2,1.516,0.06,0.184,1,1.108
Rgn,4.408,0,0,1,6.019
Rhbdd2,1.602,0.04,0.142,1,1.519
Rhbdf2,2.173,0.002,0.018,3,1.951
Rheb,1.67,0.04,0.142,6,0.677
Rhod,2.071,0.003,0.028,2,1.221
Rhog,2.129,0.004,0.03,1,1.582
Rhou,3.555,0,0,1,1.029
Rnf114,1.495,0.06,0.184,1,1.458
Rnf186,2.99,0,0.001,1,4.453
Rnf19b,1.879,0.007,0.049,3,1.185
Rnf43,16.336,0,0,1,3.539
Rnf6,1.79,0.01,0.05,3,1.625
Rnpep,2.313,0,0.004,2,1.885
Rod1,1.919,0.003,0.028,1,1.602
Rps15a,1.84,0.06,0.184,1,6.68
Rps18,1.717,0.02,0.086,1,1.313
Rps21,1.945,0.02,0.086,3,1.127
Rps27l,1.741,0.01,0.05,2,1.257
Rps8,1.602,0.05,0.164,1,1.094
Rras,2.056,0.002,0.023,6,0.943
Rsbn1l,1.945,0.03,0.116,1,2.251
Rtn4rl1,3.458,0,0,3,1.31
Rtp3,1.602,0.03,0.116,3,1.129
Rufy3,1.647,0.03,0.116,2,1.567
S1pr2,2.219,0.02,0.086,1,2.382
Samd4b,1.659,0.03,0.116,2,1.355
Sar1a,1.682,0.01,0.05,5,0.974
Sar1b,1.516,0.05,0.164,2,1.011
Scaf11,1.705,0.01,0.05,1,1.229
Scamp2,1.602,0.05,0.164,1,1.385
Scarb1,1.892,0.007,0.05,9,0.847
Sdcbp,2.219,0,0.006,1,1.584
Sdhaf1,1.959,0.03,0.116,1,1.444
Sdr9c7,1.959,0.003,0.025,8,0.516
Sec23a,1.625,0.02,0.086,4,0.908
Secisbp2l,2.329,0,0.002,3,1.099
Selk,1.705,0.06,0.184,1,1.383
Serpina6,1.986,0.006,0.043,1,2.542
Sertad2,1.919,0.009,0.05,3,1.46
Sertad3,3.117,0.01,0.05,3,1.391
Setd2,1.625,0.02,0.086,3,1.064
Setd8,1.892,0.009,0.05,1,1.392
Sf3a1,1.58,0.04,0.142,4,1.115
Sf3b4,1.959,0.06,0.184,4,1.588
Sfrs18,1.741,0.01,0.05,2,1.275
Sgk2,2.676,0,0,1,1.963
Sgpp1,1.625,0.03,0.116,1,1.288
Sh3bp5l,1.741,0.02,0.086,1,1.452
Sh3d19,1.778,0.008,0.05,1,1.357
Shfm1,1.58,0.05,0.164,2,1.118
Shoc2,1.602,0.05,0.164,7,0.955
Sike1,2.329,0.01,0.05,4,0.727
Sin3a,1.753,0.01,0.05,3,1.628
Sipa1l1,1.905,0.003,0.029,1,1.496
Ski,2.219,0.001,0.007,1,1.568
Slain2,1.548,0.05,0.164,4,1.163
Slc13a3,8.815,0,0,1,185.194
Slc16a10,5.736,0,0,1,3.746
Slc16a11,1.972,0.05,0.164,1,14.742
Slc16a12,2.266,0,0.004,1,1.412
Slc16a5,1.892,0.008,0.05,1,0.944
Slc19a2,1.485,0.06,0.184,1,1.86
Slc1a2,24.933,0,0,1,57.745
Slc22a1,3.837,0,0,1,4.163
Slc22a23,1.932,0.003,0.028,1,1.707
Slc25a22,2.014,0.004,0.03,1,1.048
Slc25a45,1.905,0.007,0.05,2,1.575
Slc35a3,3.227,0,0,1,1.531
Slc4a4,2.362,0,0.002,1,1.303
Slco1b2,2.99,0,0.001,1,4.047
Smad5,3.294,0,0,1,2.056
Smad7,2.676,0.001,0.01,3,2.146
Smarcb1,1.58,0.05,0.164,2,1.345
Smarcc1,1.919,0.005,0.04,1,1.482
Smc3,1.765,0.02,0.086,2,1.285
Smg5,1.705,0.01,0.05,1,1.49
Smurf2,1.778,0.009,0.05,1,1.47
Snapc1,2.479,0.03,0.116,2,2.364
Snrnp40,2.282,0.02,0.086,2,1.041
Snx25,1.932,0.01,0.05,3,1.284
Snx27,1.67,0.02,0.086,1,1.577
Snx6,2.297,0.004,0.031,1,0.824
Sorbs3,1.741,0.01,0.05,1,1.587
Sord,2.235,0.002,0.018,1,1.573
Sort1,2.751,0,0,1,10.479
Sp3,1.659,0.03,0.116,4,1.212
Spc24,3.294,0,0.005,3,1.32
Spon2,2.219,0.003,0.027,6,0.712
Spp2,1.778,0.009,0.05,1,1.294
Srf,1.58,0.06,0.184,1,1.709
Srgn,6.727,0.001,0.013,6,1.211
Srrm1,1.659,0.02,0.086,4,1.051
Srxn1,4.5,0,0,1,1.275
Stam2,1.647,0.05,0.164,1,1.097
Stbd1,1.495,0.05,0.164,1,1.543
Strn4,1.636,0.03,0.116,1,1.34
Stx2,2.77,0.001,0.007,6,0.903
Sult1a1,4.691,0,0,9,0.675
Taf1,1.729,0.02,0.086,2,1.987
Tagln2,8.754,0,0,6,0.479
Taok1,1.79,0.009,0.05,2,1.488
Taok3,1.558,0.04,0.142,1,1.312
Tapt1,1.84,0.006,0.042,1,1.797
Tbcel,4.141,0,0,1,1.754
Tbl1x,1.647,0.02,0.086,5,1.176
Tbl3,1.602,0.05,0.164,4,0.934
Tbx3,9.714,0,0,1,21.332
Tcerg1,2.25,0.003,0.025,4,1.026
Tcf20,1.625,0.03,0.116,4,1.418
Tcf3,1.693,0.05,0.164,4,1.019
Tenc1,1.636,0.02,0.086,3,1.523
Tet3,1.866,0.01,0.05,1,1.868
Tex2,2.204,0.001,0.007,1,1.451
Tex264,1.932,0.003,0.027,1,1.801
Thnsl2,1.495,0.06,0.184,2,1.519
Thoc4,1.986,0.03,0.116,1,1.502
Tlr12,14.825,0,0,1,3.941
Tm4sf4,1.705,0.01,0.05,9,0.56
Tmem140,1.58,0.06,0.184,1,7.025
Tmem141,2.378,0.001,0.014,5,0.757
Tmem184b,1.986,0.004,0.033,2,1.695
Tmem19,1.705,0.01,0.05,3,1.019
Tmem56,1.569,0.03,0.116,1,0.93
Tmem86a,3.758,0,0.004,7,0.491
Tmem87b,1.558,0.06,0.184,1,1.678
Tmem97,2,0.002,0.019,1,1.53
Tmpo,3.34,0,0,1,1.849
Tmsb4x,5.205,0,0,1,1.651
Tnfaip1,2.028,0.002,0.016,1,1.486
Tnfaip2,3.482,0,0,1,1.342
Tnfaip8l1,3.945,0,0,2,1.786
Tnfrsf12a,4.925,0,0,9,0.905
Tnfrsf1a,1.84,0.006,0.042,1,1.396
Tnip1,2.809,0,0.005,9,0.728
Tpd52l2,1.729,0.02,0.086,5,1.234
Tpm1,3.864,0,0,1,1.286
Tpm2,3.16,0.04,0.142,1,41.985
Tpr,2.346,0,0.002,1,1.321
Traf4,2.412,0,0.002,3,1.215
Trf,2.266,0,0.004,9,0.709
Triap1,1.778,0.03,0.116,3,1.035
Trim24,3.01,0,0,3,1.276
Trim25,1.765,0.01,0.05,4,0.988
Trim33,1.741,0.03,0.116,1,2.773
Trim44,1.537,0.05,0.164,9,0.76
Trim8,2.129,0.001,0.011,1,1.801
Trio,2.412,0,0.002,3,0.91
Triobp,1.986,0.003,0.027,1,1.229
Trrap,1.526,0.05,0.164,4,1.068
Tsg101,1.705,0.06,0.184,4,1.135
Tsku,3.294,0,0,2,2.074
Tst,1.682,0.02,0.086,1,1.234
Tstd2,1.636,0.04,0.142,4,1.548
Ttc3,1.803,0.01,0.05,1,2.557
Ttc38,3.891,0,0,1,1.193
Ttpa,1.647,0.02,0.086,4,1.089
Tuba1c,2.809,0,0.002,1,1.187
Tuba8,23.588,0,0,1,17.956
Tubb2a,1.945,0.004,0.033,1,1.056
Tubb5,2.056,0.001,0.014,1,1.667
Txn1,1.945,0.003,0.023,1,1.23
Txndc17,1.67,0.02,0.086,9,0.998
Txnrd1,1.866,0.006,0.043,1,1.494
Tyrobp,3.758,0,0.001,6,2.773
Ube2e2,4.084,0,0,1,2.57
Ube2k,1.569,0.05,0.164,1,1.204
Ube2m,1.537,0.06,0.184,1,1.112
Ube2q1,1.613,0.04,0.142,4,0.935
Ubl3,1.741,0.01,0.05,1,1.354
Ubxn2a,1.67,0.06,0.184,4,1.344
Ucp2,3.34,0,0,1,2.539
Ufd1l,1.58,0.05,0.164,2,1.004
Ugdh,1.659,0.02,0.086,1,1.469
Ugt2b34,2.514,0,0.002,1,1.784
Ugt2b35,2.497,0,0.001,1,1.574
Unc93b1,1.58,0.05,0.164,2,2.354
Usp2,2.77,0,0,1,1.909
Usp22,3.249,0,0,4,1.617
Usp40,1.717,0.01,0.05,1,1.24
Usp47,1.548,0.04,0.142,1,1.134
Vars,1.602,0.03,0.116,1,1.239
Vcp,1.526,0.05,0.164,1,1.476
Vezf1,1.879,0.02,0.086,2,1.694
Vim,7.16,0,0,1,2.231
Vps11,1.516,0.06,0.184,1,1.945
Vps29,1.741,0.02,0.086,5,0.893
Wbp4,1.705,0.06,0.184,3,1.142
Wbp5,2.445,0.01,0.05,5,0.953
Wbscr27,2.071,0.006,0.046,2,2.361
Wdr26,1.505,0.05,0.164,2,1.187
Wdr82,1.613,0.02,0.086,3,1.341
Wdr91,3.317,0,0,1,3.868
Wipf3,5.205,0,0,1,2.155
Wnt5b,2,0.02,0.086,1,1.343
Xdh,2.497,0,0.002,1,1.567
Xiap,1.79,0.007,0.05,1,1.207
Ywhab,1.613,0.02,0.086,1,0.998
Ywhae,1.717,0.01,0.05,1,1.059
Zbtb8os,1.741,0.06,0.184,4,1.049
Zc3h14,1.705,0.01,0.05,1,2.001
Zcchc6,2.099,0.001,0.008,1,1.189
Zdhhc20,1.84,0.04,0.142,1,1.751
Zfp445,1.765,0.01,0.05,1,1.166
Zfp703,2.809,0.001,0.013,1,1.653
Zfr,2.014,0.001,0.015,1,1.399
Zmat3,2.732,0,0.004,1,2.319
Zmym3,1.729,0.04,0.142,1,0.874
Znf512b,1.741,0.01,0.05,1,1.494
Znfx1,1.945,0.002,0.023,1,1.551
Znrf3,6.453,0,0,3,1.265
Zwint,1.803,0.009,0.05,4,1.248
Zyx,2.949,0,0,9,0.58
Zzz3,1.717,0.02,0.086,1,1.55
1100001G20Rik,0.49,0.003,0.027,3,0.858
1300017J02Rik,0.595,0.04,0.142,5,0.971
1600002H07Rik,0.633,0.05,0.164,4,0.744
1700017B05Rik,0.532,0.01,0.05,8,0.703
2810007J24Rik,0.182,0,0,1,2.067
8430408G22Rik,0.163,0,0,1,1.916
AI317395,0.467,0.005,0.038,2,1.447
Abcc3,0.624,0.06,0.184,1,2.053
Abcg5,0.438,0.001,0.009,2,1.639
Abcg8,0.423,0,0.006,2,2.013
Acacb,0.473,0.002,0.017,1,1.223
Acat1,0.624,0.05,0.164,3,1.028
Accn5,0.206,0.01,0.05,8,0.458
Acly,0.46,0.002,0.021,8,0.303
Acss2,0.611,0.04,0.142,1,1.08
Agt,0.578,0.04,0.142,6,0.911
Agxt,0.392,0,0.003,9,0.541
Agxt2l1,0.064,0,0,8,0.151
Ak4,0.423,0.001,0.007,1,1.199
Aldh1b1,0.423,0.001,0.011,9,0.068
Aldh1l1,0.451,0.008,0.05,9,0.738
Aldob,0.444,0.01,0.05,9,0.555
Amdhd1,0.08,0,0,7,0.403
Angptl3,0.559,0.01,0.05,6,1.027
Angptl4,0.473,0.002,0.018,1,1.219
Apoa4,0.57,0.01,0.05,6,0.31
Apoa5,0.536,0.03,0.116,5,0.953
Apoc3,0.379,0,0.006,8,0.738
Apon,0.42,0.001,0.008,9,0.571
Aqp8,0.319,0,0,6,0.359
Arg1,0.158,0,0,7,0.636
Arid5b,0.521,0.007,0.049,1,1.359
Arl4d,0.518,0.009,0.05,2,1.296
Asl,0.351,0,0.002,9,0.529
Aspg,0.055,0,0,8,0.526
Ass1,0.247,0,0.001,9,0.547
Atg14,0.473,0.006,0.041,2,1.331
BC089597,0.444,0.001,0.01,8,0.481
Bdh2,0.147,0,0,9,0.243
C8a,0.536,0.02,0.086,9,0.592
C8b,0.314,0,0,9,0.732
C8g,0.595,0.02,0.086,8,0.818
C9,0.49,0.004,0.034,7,0.468
Car14,0.46,0.002,0.019,9,0.502
Car3,0.448,0.004,0.033,1,2.78
Cat,0.476,0.01,0.05,2,0.993
Cbs,0.543,0.02,0.086,8,0.699
Ccbl1,0.171,0,0,6,0.51
Cebpa,0.624,0.04,0.142,3,1.292
Celsr1,0.382,0.001,0.013,7,0.372
Ces1e,0.25,0,0,4,1.04
Ces2a,0.403,0,0.003,1,1.45
Ces3a,0.529,0.02,0.086,1,1.472
Ces3b,0.029,0,0,9,0.715
Cpb2,0.629,0.05,0.164,7,0.748
Cps1,0.275,0.001,0.009,4,0.847
Cryl1,0.463,0.01,0.05,9,0.053
Cth,0.555,0.01,0.05,8,0.745
Cyp17a1,0.376,0,0.001,7,0.188
Cyp2a12,0.54,0.01,0.05,7,0.546
Cyp2b10,0.159,0,0,3,2.993
Cyp2c40,0.314,0,0.001,1,143.412
Cyp2d13,0.41,0.012,0.057,1,1.421
Cyp2d22,0.607,0.03,0.116,2,1.085
Cyp2f2,0.03,0,0,9,0.045
Cyp2j5,0.47,0.003,0.028,9,0.874
Cyp3a25,0.432,0,0.006,2,1.289
Cyp4a12a,0.006,0,0,1,2.469
Cyp4a12b,0.031,0,0,1,1.88
Cyp7b1,0.27,0,0,1,3.051
Cyp8b1,0.022,0,0,3,1.272
D4Bwg0951e,0.57,0.02,0.086,2,1.253
Dak,0.514,0.01,0.05,9,0.552
Dclk3,0.285,0.007,0.046,6,0.508
Dcxr,0.651,0.06,0.184,1,1.37
Ddit4,0.379,0,0.001,4,0.979
Dio1,0.262,0,0,3,1.337
Ebpl,0.46,0.003,0.029,2,1.266
Elovl3,0.034,0,0,2,2.888
Enpp3,0.486,0.005,0.04,1,1.145
Ero1lb,0.633,0.05,0.164,7,0.553
Ethe1,0.574,0.02,0.086,9,0.71
F11,0.521,0.006,0.044,3,1.071
F7,0.507,0.004,0.032,8,0.76
Fam107a,0.042,0,0,8,0.43
Fbp1,0.328,0,0.002,9,0.406
Fbxo31,0.259,0,0,2,1.438
Fetub,0.555,0.02,0.086,1,1.349
Fga,0.358,0.007,0.049,9,0.754
Fgb,0.392,0.01,0.05,7,0.842
Fgg,0.39,0.008,0.05,7,0.711
Fmo3,0.312,0.04,0.142,7,0.495
Fn3k,0.395,0.01,0.05,3,1.228
Foxq1,0.157,0,0,8,0.409
Ftcd,0.206,0,0,9,0.438
G6pc,0.293,0,0,7,0.517
Gas1,0.366,0.03,0.116,1,1.745
Gas2,0.536,0.02,0.086,9,0.158
Ggcx,0.59,0.02,0.086,7,0.919
Gldc,0.206,0,0,8,0.294
Gls2,0.079,0,0,5,0.349
Gnmt,0.356,0,0.006,9,0.718
Got1,0.259,0,0,8,0.761
Grhpr,0.392,0,0.002,6,0.965
H6pd,0.574,0.03,0.116,1,1.287
Haao,0.54,0.01,0.05,3,1.106
Hal,0.054,0,0,8,0.133
Hamp2,0.021,0,0,3,1.97
Hebp1,0.518,0.006,0.043,1,1.168
Herpud1,0.438,0.002,0.022,8,0.762
Hgfac,0.209,0,0,6,0.618
Hrsp12,0.511,0.006,0.042,7,0.363
Hsd11b1,0.219,0,0,7,0.489
Hsd17b2,0.586,0.02,0.086,1,1.143
Hsd17b6,0.2,0,0,9,0.13
Hspa1b,0.483,0.01,0.05,1,4.072
Igf1,0.543,0.01,0.05,9,0.595
Igfals,0.566,0.01,0.05,9,0.682
Igfbp2,0.221,0,0,4,0.999
Inmt,0.342,0,0.001,1,1.801
Ivns1abp,0.651,0.06,0.184,8,0.732
Keg1,0.153,0,0,5,0.856
Khk,0.31,0,0,9,0.62
Kng1,0.532,0.04,0.142,9,0.751
Kynu,0.287,0,0,8,0.68
Lad1,0.376,0.009,0.05,1,3.785
Lmf1,0.379,0,0.001,1,1.315
Lpin1,0.168,0,0,9,0.915
Macrod1,0.54,0.02,0.086,1,1.232
Mccc2,0.514,0.007,0.048,6,0.973
Mcm10,0.467,0.001,0.015,1,1.251
Mosc1,0.507,0.007,0.049,7,0.822
Mt1,0.432,0.001,0.007,1,2.612
Mt2,0.287,0,0,1,2.09
Mug1,0.321,0.001,0.009,6,1.187
Mug2,0.166,0,0,9,0.39
Mup20,0.49,0.003,0.028,7,0.38
Mup21,0.065,0,0,3,1.01
Mup3,0.148,0,0,7,0.698
Mup6,0.213,0.02,0.086,1,2.189
N4bp2l1,0.398,0.001,0.007,1,1.288
Nfil3,0.493,0.01,0.05,5,0.897
Nipal1,0.467,0.01,0.05,5,0.2
Nlrp12,0.139,0,0,3,1.022
Nnmt,0.532,0.007,0.047,9,0.558
Odf3b,0.228,0.002,0.022,5,0.451
Onecut1,0.611,0.05,0.164,5,0.848
Pbld2,0.624,0.04,0.142,8,0.727
Pck1,0.366,0.005,0.036,9,0.624
Pcsk6,0.463,0.002,0.016,1,1.269
Pecr,0.412,0,0.003,8,0.838
Pigr,0.275,0,0.001,9,0.394
Ppp1r3c,0.438,0.002,0.018,2,0.996
Ppp1r3g,0.586,0.05,0.164,1,4.041
Rarres1,0.511,0.006,0.042,1,6.497
Retsat,0.247,0,0,7,0.76
Rgs16,0.441,0.001,0.01,1,2.849
Rnf125,0.454,0.007,0.047,1,1.339
Saa4,0.603,0.05,0.164,1,1.71
Sardh,0.507,0.01,0.05,1,1.235
Scap,0.529,0.008,0.05,3,1.076
Scd1,0.507,0.05,0.164,6,0.745
Sdc4,0.403,0.001,0.007,2,1.256
Sds,0.054,0,0,9,0.063
Sdsl,0.152,0,0,9,0.152
Selenbp2,0.043,0,0,9,0.585
Serpina12,0.171,0,0,8,0.125
Serpina1b,0.392,0.007,0.047,8,0.765
Serpina1c,0.334,0,0.006,9,0.724
Serpina1e,0.248,0.001,0.015,9,0.548
Serpina3n,0.525,0.01,0.05,6,0.844
Serpinf1,0.463,0.004,0.033,9,0.801
Sfxn1,0.299,0,0,8,0.306
Slc22a7,0.116,0,0,7,0.204
Slc3a1,0.374,0,0.001,9,0.172
Slc6a12,0.406,0,0.004,5,0.942
Slco2a1,0.289,0,0,8,0.385
Smad9,0.441,0.009,0.05,3,0.984
St3gal5,0.415,0,0.004,9,0.842
Tars,0.582,0.02,0.086,5,0.672
Tat,0.543,0.06,0.184,9,0.832
Tdo2,0.189,0,0,7,0.766
Tff3,0.31,0,0.002,6,0.142
Thrsp,0.291,0,0,1,1.273
Tmem205,0.595,0.02,0.086,1,1.316
Tmem63a,0.435,0.003,0.023,5,0.399
Tpst1,0.342,0.002,0.021,5,0.78
Trib3,0.448,0.04,0.142,1,2.571
Trp53inp2,0.607,0.03,0.116,4,1.104
Ulk1,0.444,0.001,0.008,3,1.185
Uox,0.245,0,0,8,0.658
Upp2,0.426,0.001,0.009,2,1.681
Uroc1,0.287,0,0,8,0.298
